Stock,Title,Content,URL
Stock,Title,Content,URL
Stock,Title,Content,URL
Stock,Title,Content,URL
Stock,Title,Content,URL
NVDA,No title found,"Search
Products
Community
Markets
News
Brokers
More",https://www.tradingview.com/news/DJN_DN20240815002325:0/
NVDA,No title found,"Search
Products
Community
Markets
News
Brokers
More",https://www.tradingview.com/news/DJN_DN20240815003621:0/
NVDA,No title found,"Search
Products
Community
Markets
News
Brokers
More",https://www.tradingview.com/news/barchart:5b1e88cb0094b:0-long-term-bull-put-spread-provides-opportunities-for-nvda-bulls/
NVDA,No title found,"Search
Products
Community
Markets
News
Brokers
More",https://www.tradingview.com/news/mtnewswires.com:20240815:A3205404:0/
NVDA,No title found,"Search
Products
Community
Markets
News
Brokers
More",https://www.tradingview.com/news/DJN_DN20240815003056:0/
NVDA,No title found,"Search
Products
Community
Markets
News
Brokers
More",https://www.tradingview.com/news/DJN_SN20240815003905:0/
NVDA,No title found,"Search
Products
Community
Markets
News
Brokers
More",https://www.tradingview.com/news/mtnewswires.com:20240815:A3205290:0/
NVDA,No title found,"Search
Products
Community
Markets
News
Brokers
More",https://www.tradingview.com/news/benzinga:da791ba8c094b:0-masayoshi-son-s-plans-to-rival-nvidia-with-softbank-s-own-ai-chip-production-hit-a-roadblock-as-intel-talks-reportedly-fall-through/
NVDA,No title found,"Search
Products
Community
Markets
News
Brokers
More","https://www.tradingview.com/news/reuters.com,2024:newsml_L1N3K116D:0-tech-shares-in-focus-as-investors-eye-latest-filings-from-funds/"
NVDA,No title found,"Search
Products
Community
Markets
News
Brokers
More","https://www.tradingview.com/news/reuters.com,2024:newsml_L1N3K110K:0-tech-stocks-in-focus-as-investors-eye-latest-filings-from-funds/"
