datetime,title,source,link,top_sentiment,sentiment_score
8/17/2024 2:09:07 PM,Trending stocks this week as U.S. equities notch their best week of 2024,Seeking Alpha,https://seekingalpha.com/news/4141247-trending-stocks-this-week-as-us-equities-notch-their-best-week-of-2024?utm_source=businessinsider&utm_medium=referral&feed_item_type=news,positive,0.7283948659896851
8/16/2024 7:00:27 PM,"Catalyst Watch: Eyes on Jackson Hole, Target earnings, and Canadian rails disruption",Seeking Alpha,https://seekingalpha.com/news/4141061-catalyst-watch-eyes-on-jackson-hole-target-earnings-and-canadian-rails-disruption?utm_source=businessinsider&utm_medium=referral&feed_item_type=news,neutral,0.9338733553886414
8/16/2024 5:33:38 PM,Nvidia Stock (NASDAQ:NVDA): The AI Boom Isn’t Over Yet,TipRanks,/news/stocks/nvidia-stock-nasdaq-nvda-the-ai-boom-isn-t-over-yet-1033701623,neutral,0.8871016502380371
8/16/2024 12:05:28 PM,Nvidia (NVDA) Receives a Rating Update from a Top Analyst,TipRanks,/news/stocks/nvidia-nvda-receives-a-rating-update-from-a-top-analyst-1033701033,neutral,0.8692967891693115
8/15/2024 9:21:59 PM,Philippe Laffont's Coatue Management ups Nvidia stake by nearly tenfold among top Q2 moves,Seeking Alpha,https://seekingalpha.com/news/4140822-philippe-laffonts-coatue-management-ups-nvidia-stake-by-nearly-tenfold-among-top-q2-moves?utm_source=businessinsider&utm_medium=referral&feed_item_type=news,positive,0.9319825172424316
8/15/2024 4:28:53 PM,Nvidia maintains week-long rally as other semi stocks follow,Seeking Alpha,https://seekingalpha.com/news/4140670-nvidia-maintains-week-long-rally-as-other-semi-stocks-follow?utm_source=businessinsider&utm_medium=referral&feed_item_type=news,positive,0.772422730922699
8/15/2024 2:26:49 PM,"NVDA, SNOW, BIDU: 3 “Strong Buy” Tech Stocks to Consider on Weakness",TipRanks,/news/stocks/nvda-snow-bidu-3-strong-buy-tech-stocks-to-consider-on-weakness-1033696442,positive,0.6370109915733337
8/15/2024 11:54:45 AM,Is Nvidia (NVDA) Stock a Buy Ahead of Earnings?,InvestorPlace,/news/stocks/is-nvidia-nvda-stock-a-buy-ahead-of-earnings-1033694528,neutral,0.9307590126991272
8/15/2024 10:50:00 AM,7 Chip Stocks to Ride the 2024 AI Wave,InvestorPlace,/news/stocks/7-chip-stocks-to-ride-the-2024-ai-wave-1033694333,positive,0.6019753217697144
8/15/2024 10:42:00 AM,3 Battered Stocks Due for a Bounce After the Market Correction,InvestorPlace,/news/stocks/3-battered-stocks-due-for-a-bounce-after-the-market-correction-1033694337,negative,0.652768611907959
8/15/2024 10:40:00 AM,7 Meme Stocks to Buy on the Dip: August 2024,InvestorPlace,/news/stocks/7-meme-stocks-to-buy-on-the-dip-august-2024-1033694282,neutral,0.9110932946205139
8/15/2024 10:20:00 AM,NVDA Analysis: This Is Who Should Be Buying Nvidia Stock Now,InvestorPlace,/news/stocks/nvda-analysis-this-is-who-should-be-buying-nvidia-stock-now-1033694288,neutral,0.9356939792633057
8/15/2024 10:15:00 AM,Nvidia’s Temporary Setbacks Offer a Golden Buying Opportunity,InvestorPlace,/news/stocks/nvidias-temporary-setbacks-offer-a-golden-buying-opportunity-1033694291,positive,0.9411669373512268
8/14/2024 10:47:48 PM,"Whale Rock dives into Google, Coupang, sheds Salesforce, Marvell, others in Q2",Seeking Alpha,https://seekingalpha.com/news/4140137-whale-rock-dives-into-google-coupang-sheds-salesforce-marvell-others-in-q2?utm_source=businessinsider&utm_medium=referral&feed_item_type=news,neutral,0.9389869570732117
8/14/2024 9:14:27 PM,"Paul Singer's Elliott Management exits Nvidia, BTU, adds LUV, ARM, among other Q2 moves",Seeking Alpha,https://seekingalpha.com/news/4140102-paul-singers-elliott-management-exits-nvidia-btu-adds-luv-arm-among-other-q2-moves?utm_source=businessinsider&utm_medium=referral&feed_item_type=news,neutral,0.931962251663208
8/14/2024 6:53:23 PM,"Tiger Global boosts Amazon, Alphabet in Q2, trims Uber, JD.com, others",Seeking Alpha,https://seekingalpha.com/news/4139981-tiger-global-boosts-nvidia-amazon-alphabet-in-q2-trims-uber-jdcom-others?utm_source=businessinsider&utm_medium=referral&feed_item_type=news,positive,0.5633167624473572
8/14/2024 5:58:30 PM,"Softbank boosts AI bets with Nvidia, Tempus AI, among other buy/sells in Q2",Seeking Alpha,https://seekingalpha.com/news/4139949-softbank-boosts-ai-bets-with-nvidia-tempus-ai-among-other-buysells-in-q1?utm_source=businessinsider&utm_medium=referral&feed_item_type=news,positive,0.9042182564735413
8/14/2024 11:40:00 AM,Market Meltdown or Massive Opportunity? 7 Stocks to Watch,InvestorPlace,/news/stocks/market-meltdown-or-massive-opportunity-7-stocks-to-watch-1033687699,neutral,0.9090022444725037
8/14/2024 11:05:00 AM,Why Nvidia Stock Is a Must-Buy as the AI Boom Accelerates,InvestorPlace,/news/stocks/why-nvidia-stock-is-a-must-buy-as-the-ai-boom-accelerates-1033687576,neutral,0.8949840068817139
8/14/2024 10:15:00 AM,3 Dividend Stocks to Buy BEFORE They Announce Earnings Results,InvestorPlace,/news/stocks/3-dividend-stocks-to-buy-before-they-announce-earnings-results-1033687346,neutral,0.9435878992080688
8/14/2024 10:13:01 AM,Nvidia’s Q2 Earnings: The Stage Is Set for Another Blowout Quarter,TipRanks,/news/stocks/nvidia-s-q2-earnings-the-stage-is-set-for-another-blowout-quarter-1033688210,negative,0.705187201499939
8/14/2024 9:51:14 AM,Foxconn's Q2 profit rises on AI server demand; limited shipments of new Nvidia chips starting in Q4,Seeking Alpha,https://seekingalpha.com/news/4139616-foxconns-q2-profit-rises-ai-server-demand-limited-shipments-of-new-nvidia-chips-starting-in-q4?utm_source=businessinsider&utm_medium=referral&feed_item_type=news,positive,0.7460827231407166
8/14/2024 7:46:42 AM,Nvidia (NVDA): New Buy Recommendation for This Technology Giant,TipRanks,/news/stocks/nvidia-nvda-new-buy-recommendation-for-this-technology-giant-1033687432,positive,0.6772512793540955
8/13/2024 7:01:21 PM,NVDA Options Trade: Buy Right With a Buy-Write Strategy!,InvestorPlace,/news/stocks/nvda-options-trade-buy-right-with-a-buy-write-strategy-1033683670,neutral,0.866259753704071
8/13/2024 11:00:00 AM,3 Semiconductor Stocks to Buy on the Dip: August 2024,InvestorPlace,/news/stocks/3-semiconductor-stocks-to-buy-on-the-dip-august-2024-1033681284,neutral,0.8954511880874634
8/13/2024 10:45:00 AM,"NVDA Alert: Buy the Nvidia Stock Dip, as Pessimism Peaks",InvestorPlace,/news/stocks/nvda-alert-buy-the-nvidia-stock-dip-as-pessimism-peaks-1033681287,negative,0.9357064366340637
8/13/2024 10:30:00 AM,7 Strong Buy Stocks That Should Continue to Rally,InvestorPlace,/news/stocks/7-strong-buy-stocks-that-should-continue-to-rally-1033681157,positive,0.9164102673530579
8/13/2024 9:40:57 AM,Analysts Offer Insights on Technology Companies: Microsoft (MSFT) and Nvidia (NVDA),TipRanks,/news/stocks/analysts-offer-insights-on-technology-companies-microsoft-msft-and-nvidia-nvda-1033681694,neutral,0.9152177572250366
8/12/2024 10:13:38 PM,"A July CPI inflation miss could push stagflation fears back into the market, BofA says",Seeking Alpha,https://seekingalpha.com/news/4138932-a-july-cpi-inflation-miss-could-push-stagflation-fears-back-into-the-market-bofa-says?utm_source=businessinsider&utm_medium=referral&feed_item_type=news,negative,0.9530037641525269
8/12/2024 9:05:15 PM,What Are the Hottest Quantum Computing Stocks Right Now? 3 Top Picks.,InvestorPlace,/news/stocks/what-are-the-hottest-quantum-computing-stocks-right-now-3-top-picks-1033678888,neutral,0.914383590221405
8/12/2024 7:20:46 PM,5 Tech Stocks to Buy on the Rebound,InvestorPlace,/news/stocks/5-tech-stocks-to-buy-on-the-rebound-1033678627,neutral,0.6500357985496521
8/12/2024 4:19:10 PM,Did I Just Miss A Golden Opportunity to Buy Meta Stock?,TipRanks,/news/stocks/did-i-just-miss-a-golden-opportunity-to-buy-meta-stock-1033678638,neutral,0.5210550427436829
8/12/2024 2:22:08 PM,"Semiconductors could start recovering in October, BofA says",Seeking Alpha,https://seekingalpha.com/news/4138653-semiconductors-could-start-recovering-in-october-bofa-says?utm_source=businessinsider&utm_medium=referral&feed_item_type=news,positive,0.9334495663642883
8/12/2024 11:00:00 AM,7 A-Rated Tech Stocks to Top Your August 2024 Buy List,InvestorPlace,/news/stocks/7-a-rated-tech-stocks-to-top-your-august-2024-buy-list-1033676545,neutral,0.7592386603355408
8/12/2024 10:00:00 AM,3 Magnificent 7 Stocks to Consider as the Tech Selloff Intensifies,InvestorPlace,/news/stocks/3-magnificent-7-stocks-to-consider-as-the-tech-selloff-intensifies-1033676322,neutral,0.813163697719574
8/11/2024 1:30:00 PM,NVDA Stock: Is Nvidia a Buy Now After Facing Weeks of Hurdles?,InvestorPlace,/news/stocks/nvda-stock-is-nvidia-a-buy-now-after-facing-weeks-of-hurdles-1033671899,neutral,0.6605137586593628
8/10/2024 5:04:00 PM,"Notable analyst calls this week: Disney, Super Micro and Amgen among top picks",Seeking Alpha,https://seekingalpha.com/news/4138112-notable-analyst-calls-this-week-disney-super-micro-and-amgen-among-top-picks?utm_source=businessinsider&utm_medium=referral&feed_item_type=news,neutral,0.7600812911987305
8/10/2024 10:39:00 AM,The 3 Best Blockchain Stocks to Buy in August 2024,InvestorPlace,/news/stocks/the-3-best-blockchain-stocks-to-buy-in-august-2024-1033671323,neutral,0.8735195994377136
8/9/2024 7:00:00 PM,"Catalyst Watch: Eyes on Walmart earnings, the July CPI print, and 13F filings",Seeking Alpha,https://seekingalpha.com/news/4137465-catalyst-watch-eyes-on-walmart-earnings-the-july-cpi-print-and-13f-filings?utm_source=businessinsider&utm_medium=referral&feed_item_type=news,neutral,0.8191750645637512
8/9/2024 3:45:40 PM,Nvidia Technical Analysis: A Simple Dip Doesn’t Mean Abandon Ship!,InvestorPlace,/news/stocks/nvidia-technical-analysis-a-simple-dip-doesnt-mean-abandon-ship-1033670102,neutral,0.7831512093544006
8/9/2024 2:44:03 PM,Alphabet Stock: Why GOOGL Stock Is a Top Buy Among the Magnificent Seven,TipRanks,/news/stocks/alphabet-stock-why-googl-stock-is-a-top-buy-among-the-magnificent-seven-1033670820,neutral,0.8368909358978271
8/9/2024 1:49:27 PM,"Nvidia Stock (NASDAQ:NVDA): Fairly Valued After 18% Drop, Moderately Bullish Long-Term",TipRanks,/news/stocks/nvidia-stock-nasdaq-nvda-fairly-valued-after-18-drop-moderately-bullish-long-term-1033670603,positive,0.8779818415641785
8/9/2024 11:00:00 AM,Why This Week’s Jobless Claims Report Is Easing Recession Fears,InvestorPlace,/news/stocks/why-this-weeks-jobless-claims-report-is-easing-recession-fears-1033668570,negative,0.6537206172943115
8/9/2024 10:56:00 AM,3 Artificial Intelligence Stocks with Promising Applications,InvestorPlace,/news/stocks/3-artificial-intelligence-stocks-with-promising-applications-1033668571,positive,0.514058530330658
8/9/2024 9:30:00 AM,7 A-Rated Stocks for Your August 2024 Buy List,InvestorPlace,/news/stocks/7-a-rated-stocks-for-your-august-2024-buy-list-1033668163,neutral,0.9436892867088318
8/8/2024 5:11:24 PM,Mark Your Calendars! Nvidia Earnings Date Set for August — What to Expect.,InvestorPlace,/news/stocks/mark-your-calendars-nvidia-earnings-date-set-for-august-what-to-expect-1033662705,neutral,0.9288506507873535
8/8/2024 3:11:28 PM,"Political Stock Trades: Florida House Democrat Buys NVDA, AMZN, AVGO and More",InvestorPlace,/news/stocks/political-stock-trades-florida-house-democrat-buys-nvda-amzn-avgo-and-more-1033661813,neutral,0.8965343832969666
8/8/2024 3:11:05 PM,"The robotaxi fleet race heats up with Tesla, Waymo, Zoox, Uber, Lyft, and BYD in the mix",Seeking Alpha,https://seekingalpha.com/news/4137337-the-robotaxi-fleet-race-heats-up-with-tesla-waymo-zoox-uber-lyft-and-byd-in-the-mix?utm_source=businessinsider&utm_medium=referral&feed_item_type=news,neutral,0.820690929889679
8/8/2024 11:54:29 AM,Nvidia-backed Recursion to acquire Exscientia in all-stock deal,Seeking Alpha,https://seekingalpha.com/news/4137091-exscientia-stock-rises-recursions-buyout?utm_source=businessinsider&utm_medium=referral&feed_item_type=news,neutral,0.8470895886421204
8/8/2024 11:30:00 AM,3 Technology Stocks to Buy After a 20- 30% Correction,InvestorPlace,/news/stocks/3-technology-stocks-to-buy-after-a-20-30-correction-1033660212,positive,0.5825031995773315
8/8/2024 11:00:00 AM,7 A-Rated Growth Stocks to Buy in August 2024,InvestorPlace,/news/stocks/7-a-rated-growth-stocks-to-buy-in-august-2024-1033660109,neutral,0.922905683517456
8/7/2024 8:24:14 PM,3 AI-Focused Stocks That May Shape the Future of Technology,InvestorPlace,/news/stocks/3-ai-focused-stocks-that-may-shape-the-future-of-technology-1033655514,neutral,0.903491735458374
8/7/2024 5:37:32 PM,Nvidia Options Trade: Get Paid More When the Stock Goes Down!,InvestorPlace,/news/stocks/nvidia-options-trade-get-paid-more-when-the-stock-goes-down-1033654992,neutral,0.7322157025337219
8/7/2024 3:59:16 PM,Super Micro CEO indicates Nvidia's Blackwell likely delayed until early 2025,Seeking Alpha,https://seekingalpha.com/news/4136020-smci-ceo-indicates-nvidias-blackwell-likely-delayed-until-early-2025?utm_source=businessinsider&utm_medium=referral&feed_item_type=news,negative,0.6368420124053955
8/7/2024 2:31:46 PM,SMCI Stock Split Alert: Is Super Micro a Buy on the 10-for-1 Split News?,InvestorPlace,/news/stocks/smci-stock-split-alert-is-super-micro-a-buy-on-the-10-for-1-split-news-1033653875,neutral,0.9084144830703735
8/7/2024 2:25:32 PM,The 3 Best Semiconductors Stocks to Buy in August 2024,InvestorPlace,/news/stocks/the-3-best-semiconductors-stocks-to-buy-in-august-2024-1033653878,neutral,0.8647893667221069
8/7/2024 12:34:49 PM,Super Micro slumps as Wall Street worries gross margin woes offset better guidance,Seeking Alpha,https://seekingalpha.com/news/4135890-super-micro-slumps-as-wall-street-worries-gross-margin-woes-offset-better-guidance?utm_source=businessinsider&utm_medium=referral&feed_item_type=news,negative,0.9558933973312378
8/7/2024 8:17:26 AM,Nvidia’s Market Leadership and Growth Prospects Reinforce Buy Rating,TipRanks,/news/stocks/nvidia-s-market-leadership-and-growth-prospects-reinforce-buy-rating-1033652065,positive,0.9416292905807495
8/6/2024 8:48:46 PM,Nvidia News: New Street Research Upgrades NVDA Stock Amid Selloff,InvestorPlace,/news/stocks/nvidia-news-new-street-research-upgrades-nvda-stock-amid-selloff-1033647658,negative,0.9495529532432556
8/6/2024 7:52:53 PM,3 AI Stocks That Could See Incredible Growth in August and Beyond,InvestorPlace,/news/stocks/3-ai-stocks-that-could-see-incredible-growth-in-august-and-beyond-1033647355,positive,0.812768816947937
8/6/2024 7:21:43 PM,Serve Robotics News: Why Is SERV Stock Soaring Today?,InvestorPlace,/news/stocks/serve-robotics-news-why-is-serv-stock-soaring-today-1033647201,neutral,0.757504403591156
8/6/2024 2:07:55 PM,Core Scientific expands AI deal with Nvidia-backed CoreWeave,Seeking Alpha,https://seekingalpha.com/news/4134927-core-scientific-expands-ai-deal-with-nvidia-backed-coreweave?utm_source=businessinsider&utm_medium=referral&feed_item_type=news,positive,0.8146641850471497
8/6/2024 11:43:02 AM,"Analysts Conflicted on These Technology Names: Palantir Technologies (PLTR), Nvidia (NVDA) and Shift4 Payments (FOUR)",TipRanks,/news/stocks/analysts-conflicted-on-these-technology-names-palantir-technologies-pltr-nvidia-nvda-and-shift4-payments-four-1033646257,neutral,0.5224175453186035
8/6/2024 11:00:00 AM,3 AI Stocks That Could See Another Leg Higher This Year,InvestorPlace,/news/stocks/3-ai-stocks-that-could-see-another-leg-higher-this-year-1033644358,positive,0.8912582993507385
8/6/2024 11:00:00 AM,Don’t Let Talk of ‘Bubble Trouble’ Scare You Off Nvidia Stock,InvestorPlace,/news/stocks/dont-let-talk-of-bubble-trouble-scare-you-off-nvidia-stock-1033644360,neutral,0.6098848581314087
8/6/2024 10:15:00 AM,3 Quantum Computing Stocks with Long-Term Growth Potential,InvestorPlace,/news/stocks/3-quantum-computing-stocks-with-long-term-growth-potential-1033644210,neutral,0.6051995754241943
8/6/2024 10:00:00 AM,Rate Cuts Incoming? These 7 Stocks Could Skyrocket,InvestorPlace,/news/stocks/rate-cuts-incoming-these-7-stocks-could-skyrocket-1033644091,negative,0.6521594524383545
8/6/2024 2:40:59 AM,Nvidia Stock (NASDAQ:NVDA): Options Traders Are Taking the Contrarian Bet,TipRanks,/news/stocks/nvidia-stock-nasdaq-nvda-options-traders-are-taking-the-contrarian-bet-1033643298,negative,0.6518381834030151
8/5/2024 10:10:01 PM,Nvidia CEO Jensen Huang sold a record $323 million of stock in July before the market tanked,Business Insider,/news/stocks/nvidia-jensen-huang-stock-sale-tech-selloff-fed-rate-cuts-2024-8,neutral,0.9059577584266663
8/5/2024 8:36:28 PM,Monday Market Alert: Why Are Tech Stocks Down Today?,InvestorPlace,/news/stocks/monday-market-alert-why-are-tech-stocks-down-today-1033641077,negative,0.9525903463363647
8/5/2024 8:00:40 PM,"Semiconductor stocks mostly lower amid Nvidia delays, recession fears",Seeking Alpha,https://seekingalpha.com/news/4134026-semiconductor-stocks-mostly-lower-amid-nvidia-delays-recession-fears?utm_source=businessinsider&utm_medium=referral&feed_item_type=news,negative,0.969758152961731
8/5/2024 3:25:19 PM,Nvidia’s Hold Rating: Balancing Short-Term Chip Delays Against Long-Term AI Strengths,TipRanks,/news/stocks/nvidia-s-hold-rating-balancing-short-term-chip-delays-against-long-term-ai-strengths-1033640741,positive,0.659313440322876
8/5/2024 1:51:24 PM,NVDA Stock Alert: Why Is Nvidia Down Today?,InvestorPlace,/news/stocks/nvda-stock-alert-why-is-nvidia-down-today-2-1033639802,negative,0.9027565717697144
8/5/2024 1:41:18 PM,"Biggest stock movers today: AAPL, NVDA, crypto stocks, and more",Seeking Alpha,https://seekingalpha.com/news/4133756-biggest-stock-movers-today-aapl-crypto-stocks-and-more?utm_source=businessinsider&utm_medium=referral&feed_item_type=news,neutral,0.9329290390014648
8/5/2024 12:22:48 PM,"Nvidia sinks as Citi removes catalyst watch, cuts estimates amid Blackwell delay (update)",Seeking Alpha,https://seekingalpha.com/news/4133808-nvidia-sinks-citi-removes-catalyst-watch-cuts-estimates-amid-blackwell-delay?utm_source=businessinsider&utm_medium=referral&feed_item_type=news,negative,0.9397057890892029
8/5/2024 12:11:26 PM,"Analysts Offer Insights on Technology Companies: ACI Worldwide (ACIW), Wix (WIX) and Nvidia (NVDA)",TipRanks,/news/stocks/analysts-offer-insights-on-technology-companies-aci-worldwide-aciw-wix-wix-and-nvidia-nvda-1033640012,neutral,0.9219526052474976
8/5/2024 12:10:42 PM,D.A. Davidson Sticks to Its Hold Rating for Nvidia (NVDA),TipRanks,/news/stocks/d-a-davidson-sticks-to-its-hold-rating-for-nvidia-nvda-1033640017,neutral,0.8195744156837463
8/5/2024 11:22:02 AM,'Not a time to panic:' Wedbush pounds table for tech trade amid global sell-off,Seeking Alpha,https://seekingalpha.com/news/4133798-not-a-time-to-panic-wedbush-pounds-table-for-tech-trade-amid-global-sell-off?utm_source=businessinsider&utm_medium=referral&feed_item_type=news,neutral,0.5250177979469299
8/5/2024 9:16:43 AM,Nvidia’s Resilience Amidst Blackwell GPU Launch Delays: An Investment Opportunity,TipRanks,/news/stocks/nvidia-s-resilience-amidst-blackwell-gpu-launch-delays-an-investment-opportunity-1033638660,positive,0.8929889798164368
8/5/2024 6:10:26 AM,"Retail investors were net buyers of stocks in July, boosting tech exposure: Schwab",Seeking Alpha,https://seekingalpha.com/news/4133575-schwab-trading-activity-index?utm_source=businessinsider&utm_medium=referral&feed_item_type=news,positive,0.9337371587753296
8/5/2024 6:05:35 AM,"New Buy Rating for Nvidia (NVDA), the Technology Giant",TipRanks,/news/stocks/new-buy-rating-for-nvidia-nvda-the-technology-giant-1033637808,positive,0.748185932636261
8/5/2024 4:25:34 AM,Buy Rating Maintained for Nvidia Despite Short-Term Hurdles: Long-Term Growth and Market Dominance Expected,TipRanks,/news/stocks/buy-rating-maintained-for-nvidia-despite-short-term-hurdles-long-term-growth-and-market-dominance-expected-1033637287,positive,0.9488210082054138
8/4/2024 2:46:51 PM,Nvidia Stock Outlook: What Is the Downside if AI Doesn’t Stick?,InvestorPlace,/news/stocks/nvidia-stock-outlook-what-is-the-downside-if-ai-doesnt-stick-1033635219,negative,0.7816075086593628
8/4/2024 10:22:00 AM,3 Growth Stocks to Sell Before You Regret It,InvestorPlace,/news/stocks/3-growth-stocks-to-sell-before-you-regret-it-1033634812,neutral,0.925469160079956
8/3/2024 7:00:00 PM,7 Dynamite Long-Term Stocks to Buy on the Dip,InvestorPlace,/news/stocks/7-dynamite-long-term-stocks-to-buy-on-the-dip-1033634441,neutral,0.8489049673080444
8/3/2024 6:31:00 PM,"Notable analyst calls this week: Meta, AMD and Intel among top picks",Seeking Alpha,https://seekingalpha.com/news/4133415-notable-analyst-calls-this-week-meta-novavax-and-intel-among-top-picks?utm_source=businessinsider&utm_medium=referral&feed_item_type=news,neutral,0.6663634777069092
8/2/2024 8:56:36 PM,The Watch List: 3 Tech Stocks That Are Majorly Moving the Markets,InvestorPlace,/news/stocks/the-watch-list-3-tech-stocks-that-are-majorly-moving-the-markets-1033634154,neutral,0.8752756118774414
8/2/2024 7:53:24 PM,VIX Alert: Market Fear Gauge Spikes to Highest Levels Since 2022,InvestorPlace,/news/stocks/vix-alert-market-fear-gauge-spikes-to-highest-levels-since-2022-1033634043,positive,0.8549279570579529
8/2/2024 6:33:09 PM,3 AI Stock Valuations That Can’t Keep Up With Reality,InvestorPlace,/news/stocks/3-ai-stock-valuations-that-cant-keep-up-with-reality-1033633922,negative,0.8253547549247742
8/2/2024 5:51:53 PM,Elliott Management Warns That Nvidia Stock Is in a Bubble,InvestorPlace,/news/stocks/elliott-management-warns-that-nvidia-stock-is-in-a-bubble-1033633905,negative,0.9636082649230957
8/2/2024 5:34:15 PM,NVDA Stock Alert: Antitrust Officials Are Launching Their Probe Into Nvidia,InvestorPlace,/news/stocks/nvda-stock-alert-antitrust-officials-are-launching-their-probe-into-nvidia-1033633830,neutral,0.4981466829776764
8/2/2024 3:56:46 PM,"Intel leads chip stocks decline after results, outlook weighs on investor sentiment",Seeking Alpha,https://seekingalpha.com/news/4133407-intel-leads-chip-stocks-decline-after-results-outlook-weigh-on-investor-sentiment?utm_source=businessinsider&utm_medium=referral&feed_item_type=news,negative,0.9502553343772888
8/2/2024 1:24:04 PM,Why Are Stocks Down Today?,InvestorPlace,/news/stocks/why-are-stocks-down-today-70-1033632040,negative,0.9098418354988098
8/2/2024 12:33:44 PM,Trade of the Day: The Smart Money Is Betting Against Nvidia (NVDA) Stock,InvestorPlace,/news/stocks/trade-of-the-day-the-smart-money-is-betting-against-nvidia-nvda-stock-1033631893,neutral,0.9248782992362976
8/2/2024 10:59:00 AM,Microsoft Is Big Tech’s Swiss Army Knife. The Many Reasons to Buy MSFT Now.,InvestorPlace,/news/stocks/microsoft-is-big-techs-swiss-army-knife-the-many-reasons-to-buy-msft-now-1033631419,neutral,0.9358962178230286
8/2/2024 10:54:00 AM,"Nvidia Stock Analysis: One Reason to Buy, One Reason to Sell",InvestorPlace,/news/stocks/nvidia-stock-analysis-one-reason-to-buy-one-reason-to-sell-1033631312,neutral,0.9306544065475464
8/2/2024 10:20:00 AM,Nvidia Options: Profit From the NVDA Stock Dip With This Put-Selling Strategy,InvestorPlace,/news/stocks/nvidia-options-profit-from-the-nvda-stock-dip-with-this-put-selling-strategy-1033631193,negative,0.8947591781616211
8/2/2024 10:15:00 AM,3 Stocks Gemini AI Thinks Could Be the Next Big Thing,InvestorPlace,/news/stocks/3-stocks-gemini-ai-thinks-could-be-the-next-big-thing-1033631195,neutral,0.828353226184845
8/1/2024 8:39:35 PM,SMCI Stock: Super Micro Launches New Nvidia Offering,InvestorPlace,/news/stocks/smci-stock-super-micro-launches-new-nvidia-offering-1033629096,neutral,0.6737539172172546
8/1/2024 8:17:01 PM,"Intel crashes as Q2 results, guidance miss expectations; lays off 15% of staff",Seeking Alpha,https://seekingalpha.com/news/4132330-intel-crashes-q2-results-guidance-miss-lays-off-staff?utm_source=businessinsider&utm_medium=referral&feed_item_type=news,negative,0.9687572121620178
8/1/2024 5:19:20 PM,"Qualcomm, AMD, Arm lead chips lower as investors await Intel results",Seeking Alpha,https://seekingalpha.com/news/4132438-qualcomm-amd-arm-lead-chips-lower-as-investors-await-intel-results?utm_source=businessinsider&utm_medium=referral&feed_item_type=news,negative,0.8393654823303223
8/1/2024 4:38:33 PM,The Next Nvidia? 7 Things to Know as AI Chipmaker Cerebras Files for an IPO.,InvestorPlace,/news/stocks/the-next-nvidia-7-things-to-know-as-ai-chipmaker-cerebras-files-for-an-ipo-1033628351,neutral,0.9390867352485657
8/1/2024 1:50:00 PM,3 Machine Learning Stocks That Could Make Your Summer Unforgettable,InvestorPlace,/news/stocks/3-machine-learning-stocks-that-could-make-your-summer-unforgettable-1033627407,neutral,0.8779066801071167
7/31/2024 11:00:00 PM,NVIDIA Sets Conference Call for Second-Quarter Financial Results,GlobeNewswire,/news/stocks/nvidia-sets-conference-call-for-second-quarter-financial-results-1033620973,neutral,0.8348343968391418
7/31/2024 8:30:00 PM,The Top 3 AI Stocks to Buy Now: Summer 2024,InvestorPlace,/news/stocks/the-top-3-ai-stocks-to-buy-now-summer-2024-1033620879,neutral,0.9358974695205688
7/31/2024 7:51:54 PM,The 3 Best Chip Stocks to Buy Amid the Ongoing Correction,InvestorPlace,/news/stocks/the-3-best-chip-stocks-to-buy-amid-the-ongoing-correction-1033620546,neutral,0.5559418797492981
7/31/2024 7:29:18 PM,3 Overhyped Stocks to Sell Before the AI Bubble Goes Pop!,InvestorPlace,/news/stocks/3-overhyped-stocks-to-sell-before-the-ai-bubble-goes-pop-1033620550,neutral,0.8004270792007446
7/31/2024 7:29:09 PM,Is Taiwan Semiconductor a Buy? The Risks & Catalysts for TSM Stock.,InvestorPlace,/news/stocks/is-taiwan-semiconductor-a-buy-the-risks-catalysts-for-tsm-stock-1033620551,neutral,0.9324182271957397
7/31/2024 7:23:07 PM,"Nancy Pelosi Sold 5,000 Shares of Microsoft (MSFT) Stock",InvestorPlace,/news/stocks/nancy-pelosi-sold-5000-shares-of-microsoft-msft-stock-1033620498,neutral,0.9455370306968689
7/31/2024 7:08:32 PM,"Nancy Pelosi Bought 10,000 Shares of Nvidia (NVDA) Stock on July 26",InvestorPlace,/news/stocks/nancy-pelosi-bought-10000-shares-of-nvidia-nvda-stock-on-july-26-1033620500,neutral,0.932234525680542
7/31/2024 7:00:01 PM,Why chip stocks are on an absolute tear today,Business Insider,/news/stocks/nvidia-amd-semiconductor-chip-stock-gains-2q-earnings-reaction-outlook-2024-7,negative,0.7866513133049011
7/31/2024 5:52:17 PM,Get Your Money Out of These 3 AI Stocks by 2025,InvestorPlace,/news/stocks/get-your-money-out-of-these-3-ai-stocks-by-2025-1033620340,neutral,0.9145473837852478
7/31/2024 5:45:15 PM,NVDA Stock’s AI Castle: Is Nvidia’s Moat Turning Into Quicksand?,InvestorPlace,/news/stocks/nvda-stocks-ai-castle-is-nvidias-moat-turning-into-quicksand-1033620341,negative,0.8132703304290771
7/31/2024 5:44:41 PM,Morgan Stanley Doubles Down on Nvidia Stock as a Top Pick,InvestorPlace,/news/stocks/morgan-stanley-doubles-down-on-nvidia-stock-as-a-top-pick-1033620342,negative,0.9436747431755066
7/31/2024 4:05:26 PM,SMCI Stock Outlook: Is Super Micro a Buy Ahead of August 6 Earnings?,InvestorPlace,/news/stocks/smci-stock-outlook-is-super-micro-a-buy-ahead-of-august-6-earnings-1033620038,neutral,0.9258435964584351
7/31/2024 3:52:47 PM,Nvidia pops as Morgan Stanley moves back to top pick after sell-off,Seeking Alpha,https://seekingalpha.com/news/4130965-nvidia-pops-as-morgan-stanley-moves-back-to-top-pick-after-sell-off?utm_source=businessinsider&utm_medium=referral&feed_item_type=news,positive,0.6278544664382935
7/31/2024 3:47:33 PM,Return of FAANG? 1 Mega-Cap Tech Stock to Buy and 2 to Avoid.,InvestorPlace,/news/stocks/return-of-faang-1-mega-cap-tech-stock-to-buy-and-2-to-avoid-1033619624,neutral,0.9134775996208191
7/31/2024 2:56:51 PM,"Nancy Pelosi buys more Nvidia, sells Microsoft",Seeking Alpha,https://seekingalpha.com/news/4131128-nancy-pelosi-buys-more-nvidia-sells-microsoft?utm_source=businessinsider&utm_medium=referral&feed_item_type=news,neutral,0.7005187273025513
7/31/2024 2:50:12 PM,3 Overvalued Tech Stocks That Could Plunge in Q3,InvestorPlace,/news/stocks/3-overvalued-tech-stocks-that-could-plunge-in-q3-1033619403,negative,0.9533653259277344
7/31/2024 2:30:00 PM,3 Stocks With the Largest 52-Week Gains,InvestorPlace,/news/stocks/3-stocks-largest-52-week-gains-1033619184,neutral,0.8379138112068176
7/31/2024 2:20:20 PM,Why Are Chip Stocks Up Today?,InvestorPlace,/news/stocks/why-are-chip-stocks-up-today-july-31st-1033619186,neutral,0.46581193804740906
7/31/2024 2:11:00 PM,Qualcomm Stock Analysis: Buy and Hold This Promising Semiconductor Play Now,InvestorPlace,/news/stocks/qualcomm-stock-analysis-buy-and-hold-this-promising-semiconductor-play-now-1033621352,neutral,0.8682231307029724
7/31/2024 1:49:00 PM,Nvidia Stock Analysis: NVDA’s Path to $10 Trillion Remains Despite Cooling AI Hype,InvestorPlace,/news/stocks/nvidia-stock-analysis-nvdas-path-to-10-trillion-remains-despite-cooling-ai-hype-1033621345,positive,0.9428220987319946
7/31/2024 1:07:41 PM,"AMD rebounds on earnings, but analysts aren't sure where it heads next",Seeking Alpha,https://seekingalpha.com/news/4131009-amd-rebounds-on-earnings-but-likely-not-enough-to-return-to-prior-highs-yet?utm_source=businessinsider&utm_medium=referral&feed_item_type=news,negative,0.7433760762214661
7/31/2024 11:27:43 AM,ASML rises after US mulls new chip export rules for China that exempt some allies - report,Seeking Alpha,https://seekingalpha.com/news/4130812-asml-rises-after-us-mulls-new-chip-export-rules-for-china-that-exempt-some-allies?utm_source=businessinsider&utm_medium=referral&feed_item_type=news,negative,0.6873912811279297
7/31/2024 11:12:07 AM,Samsung sees strong demand for HBM chips in H2 due to AI applications,Seeking Alpha,https://seekingalpha.com/news/4130897-samsung-sees-strong-demand-for-hbm-chips-in-h2-due-to-ai-applications?utm_source=businessinsider&utm_medium=referral&feed_item_type=news,positive,0.9494625329971313
7/31/2024 11:05:00 AM,SoundHound AI’s Meteoric Rise: Why SOUN Stock Is STILL a Buy,InvestorPlace,/news/stocks/soundhound-ais-meteoric-rise-why-soun-stock-is-still-a-buy-1033617321,neutral,0.8180119395256042
7/31/2024 11:00:00 AM,What Are the Hottest EV Stocks Right Now? 3 Top Picks.,InvestorPlace,/news/stocks/what-are-the-hottest-ev-stocks-right-now-3-top-picks-1033617325,neutral,0.9088600873947144
7/31/2024 10:30:00 AM,3 Reasons AMD Stock Still Makes a Solid AI Play,InvestorPlace,/news/stocks/3-reasons-amd-stock-still-makes-a-solid-ai-play-1033617148,positive,0.9388949871063232
7/31/2024 10:21:00 AM,The Top 3 Machine Learning Stocks to Buy Now: Summer 2024,InvestorPlace,/news/stocks/the-top-3-machine-learning-stocks-to-buy-now-summer-2024-1033617153,neutral,0.9348183870315552
7/31/2024 10:15:00 AM,"Stay Bullish, Nvidia Investors. NVDA Stock’s Growth Story Outweighs Any Fear.",InvestorPlace,/news/stocks/stay-bullish-nvidia-investors-nvda-stocks-growth-story-outweighs-any-fear-1033617158,positive,0.9282962083816528
7/31/2024 10:00:00 AM,GameStop’s Silence Speaks Volumes: Why You Should Be Wary of GME Stock,InvestorPlace,/news/stocks/gamestops-silence-speaks-volumes-why-you-should-be-wary-of-gme-stock-1033616980,neutral,0.8836550116539001
7/31/2024 8:25:53 AM,Nvidia: A Resilient Leader in AI Amid Market Fluctuations and Competitive Pressures,TipRanks,/news/stocks/nvidia-a-resilient-leader-in-ai-amid-market-fluctuations-and-competitive-pressures-1033617473,positive,0.9350254535675049
7/30/2024 8:54:32 PM,SIGGRAPH 2024: What to Watch for Nvidia So Far,InvestorPlace,/news/stocks/siggraph-2024-what-to-watch-for-nvidia-so-far-1033614018,neutral,0.9372171759605408
7/30/2024 8:12:03 PM,Should You Buy Intel (INTC) Stock Before Aug. 1?,InvestorPlace,/news/stocks/should-you-buy-intel-intc-stock-before-aug-1-1033613968,neutral,0.9383567571640015
7/30/2024 7:50:54 PM,Get Your Money Out of These 3 Semiconductor Stocks by 2025,InvestorPlace,/news/stocks/get-your-money-out-of-these-3-semiconductor-stocks-by-2025-1033613796,neutral,0.9064946174621582
7/30/2024 7:11:25 PM,"Nvidia (NVDA) Stock Falls as Investors Brace for Big Tech Earnings, FOMC Decision",InvestorPlace,/news/stocks/nvidia-nvda-stock-falls-as-investors-brace-for-big-tech-earnings-fomc-decision-1033613716,negative,0.9456052780151367
7/30/2024 1:50:00 PM,3 Under-the-Radar Stocks Ready to Skyrocket Like Super Micro Computer,InvestorPlace,/news/stocks/3-under-the-radar-stocks-ready-to-skyrocket-like-super-micro-computer-1033612784,neutral,0.8399295210838318
7/30/2024 12:27:30 PM,Evercore ISI Remains a Buy on Nvidia (NVDA),TipRanks,/news/stocks/evercore-isi-remains-a-buy-on-nvidia-nvda-1033613216,neutral,0.9481633901596069
7/30/2024 12:00:00 PM,TSLA Forecast: Why Betting Against EV Pioneer Tesla Could Be a Costly Mistake,InvestorPlace,/news/stocks/tsla-forecast-why-betting-against-ev-pioneer-tesla-could-be-a-costly-mistake-1033611475,neutral,0.7380192279815674
7/30/2024 11:57:18 AM,Monolithic Power Systems in focus as Rosenblatt ups target on Nvidia boost,Seeking Alpha,https://seekingalpha.com/news/4129426-monolithic-power-systems-in-focus-as-rosenblatt-ups-target-on-nvidia-boost?utm_source=businessinsider&utm_medium=referral&feed_item_type=news,neutral,0.8410952687263489
7/30/2024 11:20:00 AM,3 Tech Stock Giants that Should Buy an Air Taxi Company,InvestorPlace,/news/stocks/3-tech-stock-giants-that-should-buy-an-air-taxi-company-1033611312,neutral,0.870912492275238
7/30/2024 10:45:48 AM,Nvidia’s Strategic Positioning and Innovations Fuel Buy Rating,TipRanks,/news/stocks/nvidia-s-strategic-positioning-and-innovations-fuel-buy-rating-1033612439,neutral,0.5893828272819519
7/30/2024 10:19:00 AM,3 AI Stocks That Could Make Your Summer Unforgettable,InvestorPlace,/news/stocks/3-ai-stocks-that-could-make-your-summer-unforgettable-1033610977,negative,0.5235394835472107
7/30/2024 10:00:00 AM,Nvidia Stock’s Post-Split Slide: An Opportunity Ripe for the Picking,InvestorPlace,/news/stocks/nvidia-stocks-post-split-slide-an-opportunity-ripe-for-the-picking-1033610853,neutral,0.47402387857437134
7/30/2024 9:17:51 AM,Nvidia’s Strategic AI Leadership and Market Expansion: A Buy Rating Analysis,TipRanks,/news/stocks/nvidia-s-strategic-ai-leadership-and-market-expansion-a-buy-rating-analysis-1033611549,positive,0.584488570690155
7/29/2024 10:30:00 PM,NVIDIA Accelerates Humanoid Robotics Development,GlobeNewswire,/news/stocks/nvidia-accelerates-humanoid-robotics-development-1033607897,positive,0.5626470446586609
7/29/2024 10:30:00 PM,"NVIDIA Announces Generative AI Models and NIM Microservices for OpenUSD Language, Geometry, Physics and Materials",GlobeNewswire,/news/stocks/nvidia-announces-generative-ai-models-and-nim-microservices-for-openusd-language-geometry-physics-and-materials-1033607912,neutral,0.8881258368492126
7/29/2024 6:42:18 PM,3 Stocks With the Most Recent 52-Week Highs,InvestorPlace,/news/stocks/3-stocks-with-the-most-recent-52-week-highs-1033607687,neutral,0.5908744931221008
7/29/2024 6:36:50 PM,The Top 3 Mutual Funds to Buy Now: Summer 2024,InvestorPlace,/news/stocks/the-top-3-mutual-funds-to-buy-now-summer-2024-1033607689,neutral,0.9390760660171509
7/29/2024 6:22:32 PM,NVDA Stock: CEO Jensen Huang Is Set to Talk AI with Mark Zuckerberg. What to Watch.,InvestorPlace,/news/stocks/nvda-stock-ceo-jensen-huang-is-set-to-talk-ai-with-mark-zuckerberg-what-to-watch-1033607664,neutral,0.9423993825912476
7/29/2024 5:53:14 PM,Nvidia remains static ahead of SIGGRAPH event; ON Semi leads sector movement,Seeking Alpha,https://seekingalpha.com/news/4129576-nvidia-remains-static-ahead-of-siggraph-event?utm_source=businessinsider&utm_medium=referral&feed_item_type=news,negative,0.5239673256874084
7/29/2024 5:45:00 PM,AMD Stock Could Pop After Its Q2 Earnings Report on Tuesday,InvestorPlace,/news/stocks/amd-stock-could-pop-after-its-q2-earnings-report-on-tuesday-1033607617,negative,0.6723915934562683
7/29/2024 4:38:07 PM,PLTR Stock: Palantir Strikes New Green Energy Deal with TES,InvestorPlace,/news/stocks/pltr-stock-palantir-strikes-new-green-energy-deal-with-tes-1033607543,positive,0.8668451905250549
7/29/2024 3:35:00 PM,Nvidia Technical Analysis: NVDA Stock Loses 50-Day MA. What Now?,InvestorPlace,/news/stocks/nvidia-technical-analysis-nvda-stock-loses-50-day-ma-what-now-1033607283,negative,0.9157407879829407
7/29/2024 1:28:48 PM,Broadcom Stock Analysis: Is AVGO Headed Back Down to the $130s?,InvestorPlace,/news/stocks/broadcom-stock-analysis-is-avgo-headed-back-down-to-the-130s-1033606479,negative,0.5691423416137695
7/29/2024 12:00:00 PM,3 Semiconductor Stocks to Buy on the Dip: July 2024,InvestorPlace,/news/stocks/3-semiconductor-stocks-to-buy-on-the-dip-july-2024-1033605853,neutral,0.8920133709907532
7/29/2024 10:00:00 AM,3 AI Stocks to Bet On for Market-Crushing Returns,InvestorPlace,/news/stocks/3-ai-stocks-to-bet-on-for-market-crushing-returns-1033605442,neutral,0.8914918303489685
7/28/2024 5:00:41 PM,7 Smart Stocks to Buy BEFORE They Report Q2 Earnings,InvestorPlace,/news/stocks/7-smart-stocks-to-buy-before-they-report-q2-earnings-1033602806,neutral,0.9329637289047241
7/28/2024 4:00:00 PM,3 Overvalued Stocks to Buy After They Crash,InvestorPlace,/news/stocks/3-overvalued-stocks-to-buy-after-they-crash-1033602801,neutral,0.7799152731895447
7/28/2024 1:00:00 PM,Stock Split Alert: 3 Stocks Poised to Amplify Shareholder Value,InvestorPlace,/news/stocks/stock-split-alert-3-stocks-poised-to-amplify-shareholder-value-1033602690,neutral,0.6113429069519043
7/28/2024 10:30:00 AM,3 Hyper-Growth Stocks to Buy on the Dip Before It’s Too Late,InvestorPlace,/news/stocks/3-hyper-growth-stocks-to-buy-on-the-dip-before-its-too-late-1033602466,neutral,0.6266516447067261
7/27/2024 7:00:00 PM,Why Smart Investors Should Consider Selling Nvidia Stock Now,InvestorPlace,/news/stocks/why-smart-investors-should-consider-selling-nvidia-stock-now-1033602131,neutral,0.9217002987861633
7/27/2024 12:00:00 PM,AI drives sustainability despite concerns over data center energy consumption,Seeking Alpha,https://seekingalpha.com/news/4129058-ai-drives-sustainability-despite-concerns-over-data-center-consumption?utm_source=businessinsider&utm_medium=referral&feed_item_type=news,positive,0.6292763948440552
7/27/2024 11:00:00 AM,3 EV Stocks to Bet On for Market-Crushing Returns,InvestorPlace,/news/stocks/3-ev-stocks-to-bet-on-for-market-crushing-returns-1033602029,neutral,0.8745892643928528
7/26/2024 7:27:43 PM,Raymond James Just Issued a Major Warning on Nvidia (NVDA) Stock,InvestorPlace,/news/stocks/raymond-james-just-issued-a-major-warning-on-nvidia-nvda-stock-1033601681,negative,0.9369214177131653
7/26/2024 7:00:38 PM,"Catalyst Watch: Tech blitz with Apple, Amazon, Microsoft, and Meta on tap for earnings",Seeking Alpha,https://seekingalpha.com/news/4129063-catalyst-watch-tech-blitz-with-apple-amazon-microsoft-and-meta-on-tap-for-earnings?utm_source=businessinsider&utm_medium=referral&feed_item_type=news,neutral,0.9092087149620056
7/26/2024 6:34:42 PM,Stock Split Spotlight: The Next 3 Names That Could Follow Nvidia’s Lead,InvestorPlace,/news/stocks/stock-split-spotlight-the-next-3-names-that-could-follow-nvidias-lead-1033601630,neutral,0.9435274004936218
7/26/2024 6:21:23 PM,3 Standout Semiconductor Stocks to Buy Now,InvestorPlace,/news/stocks/3-standout-semiconductor-stocks-to-buy-now-1033601604,neutral,0.794174075126648
7/26/2024 6:19:20 PM,Why Tech Stocks Are Poised for a Strong Comeback Now,InvestorPlace,/news/stocks/why-tech-stocks-are-poised-for-a-strong-comeback-now-1033601605,neutral,0.7392063140869141
7/26/2024 4:41:05 PM,"The 3 Best Stocks to Buy Right Now With $1,000",InvestorPlace,/news/stocks/the-3-best-stocks-to-buy-right-now-with-1000-1033601480,neutral,0.8795204758644104
7/26/2024 3:10:32 PM,3 Quantum Computing Stocks to Bet on for Market-Crushing Returns,InvestorPlace,/news/stocks/3-quantum-computing-stocks-to-bet-on-for-market-crushing-returns-1033601092,neutral,0.9006876945495605
7/26/2024 1:22:31 PM,3 High-Flying Tech Stocks Facing Valuation Concerns,InvestorPlace,/news/stocks/3-high-flying-tech-stocks-facing-valuation-concerns-1033600211,neutral,0.5973969101905823
7/26/2024 12:53:34 PM,3 Semiconductor Stocks to Bet On for Market-Crushing Returns,InvestorPlace,/news/stocks/3-semiconductor-stocks-to-bet-on-for-market-crushing-returns-1033600082,neutral,0.8836243152618408
7/26/2024 11:00:00 AM,3 Growth Stocks to Buy on the Dip: July 2024,InvestorPlace,/news/stocks/3-growth-stocks-to-buy-on-the-dip-july-2024-1033599690,neutral,0.8966695070266724
7/26/2024 11:00:00 AM,7 Fantastic Forever Stocks to Buy and Never Let Go,InvestorPlace,/news/stocks/7-fantastic-forever-stocks-to-buy-and-never-let-go-1033599691,neutral,0.9114137291908264
7/26/2024 10:40:00 AM,2 Reasons AMD Could Be the Next Big Thing in AI Chips,InvestorPlace,/news/stocks/2-reasons-amd-could-be-the-next-big-thing-in-ai-chips-1033599557,neutral,0.922743022441864
7/26/2024 10:31:00 AM,NVDA Stock Analysis: Nvidia’s Quantum Leap Signals a Strong Buy Opportunity,InvestorPlace,/news/stocks/nvda-stock-analysis-nvidias-quantum-leap-signals-a-strong-buy-opportunity-1033599507,positive,0.9496532082557678
7/26/2024 10:30:00 AM,There’s Still Room to Rise After META Stock’s Spectacular Climb,InvestorPlace,/news/stocks/theres-still-room-to-rise-after-meta-stocks-spectacular-climb-1033599509,positive,0.844977080821991
7/25/2024 8:45:00 PM,3 ‘Big Tech’ Stocks That Could Take a Big Hit from a Trump Win,InvestorPlace,/news/stocks/3-big-tech-stocks-that-could-take-a-big-hit-from-a-trump-win-1033596655,neutral,0.8023221492767334
7/25/2024 7:45:29 PM,The 3 Best ETFs to Buy Now for AI and Robotics Exposure,InvestorPlace,/news/stocks/the-3-best-etfs-to-buy-now-for-ai-and-robotics-exposure-1033596355,neutral,0.8261945843696594
7/25/2024 6:35:27 PM,Why AMD Stock Investors Should Be Cautious in the Short-Term,InvestorPlace,/news/stocks/why-amd-stock-investors-should-be-cautious-in-the-short-term-1033596308,neutral,0.8919573426246643
7/25/2024 6:29:01 PM,3 Top-Performing Stocks Beating the Big Names in 2024,InvestorPlace,/news/stocks/3-top-performing-stocks-beating-the-big-names-in-2024-1033596309,positive,0.7216593027114868
7/25/2024 6:14:19 PM,AMD Stock Outlook: Why the Recent Silo AI Acquisition Is a Game-Changer,InvestorPlace,/news/stocks/amd-stock-outlook-why-the-recent-silo-ai-acquisition-is-a-game-changer-1033596254,neutral,0.6172947883605957
7/25/2024 4:12:18 PM,"Nvidia, Magnificent 7 Stocks Sell Off and Wipe $1.7 Trillion Away. Why the Tech Woes?",InvestorPlace,/news/stocks/nvidia-magnificent-7-stocks-sell-off-and-wipe-1-7-trillion-away-why-the-tech-woes-1033596023,negative,0.5971426963806152
7/25/2024 3:58:18 PM,3 Companies Gearing Up for a Stock Split,InvestorPlace,/news/stocks/3-companies-gearing-up-for-a-stock-split-1033595895,neutral,0.8961321711540222
7/25/2024 1:19:15 PM,"Dear SMCI Stock Fans, Mark Your Calendars for Aug. 6",InvestorPlace,/news/stocks/dear-smci-stock-fans-mark-your-calendars-for-aug-6-1033594778,neutral,0.9383299946784973
7/25/2024 10:47:00 AM,The 3 Best Emotion AI Stocks to Buy Now,InvestorPlace,/news/stocks/the-3-best-emotion-ai-stocks-to-buy-now-1033593959,neutral,0.8853423595428467
7/25/2024 10:30:00 AM,3 Reasons Why Nvidia Stock Is Still Your Best AI Bet,InvestorPlace,/news/stocks/3-reasons-why-nvidia-stock-is-still-your-best-ai-bet-1033593785,neutral,0.8971342444419861
7/25/2024 10:16:00 AM,Apple Intelligence: Why AAPL Stock Is a Safe AI Bet for Long-Term Gains,InvestorPlace,/news/stocks/apple-intelligence-why-aapl-stock-is-a-safe-ai-bet-for-long-term-gains-1033593792,neutral,0.8118026256561279
7/25/2024 10:15:00 AM,7 American Robotics Stocks to Buy if You’re Betting on Trump 2024,InvestorPlace,/news/stocks/7-american-robotics-stocks-to-buy-if-youre-betting-on-trump-2024-1033593794,neutral,0.9152958989143372
7/24/2024 10:37:50 PM,"Nasdaq 100 Notches Worst Session Since Late 2022, Falls Below Key 50-Day Moving Average: Is The AI Tech Bubble Bursting?",Benzinga,/news/etf/nasdaq-100-notches-worst-session-since-late-2022-falls-below-key-50-day-moving-average-is-the-ai-tech-bubble-bursting-1033590883,negative,0.9401240944862366
7/24/2024 8:28:46 PM,NVDA Stock: What to Know as Nvidia Preps to Use Samsung Memory Chips,InvestorPlace,/news/stocks/nvda-stock-what-to-know-as-nvidia-preps-to-use-samsung-memory-chips-1033590874,neutral,0.9279736280441284
7/24/2024 8:15:35 PM,5 Things To Know In Investing This Week: The Rate Cut Expectations Are 100% Issue,Benzinga,/news/stocks/5-things-to-know-in-investing-this-week-the-rate-cut-expectations-are-100-issue-1033590532,neutral,0.8748441934585571
7/24/2024 7:40:28 PM,3 Fabulous Growth Stocks to Buy and Hold Forever,InvestorPlace,/news/stocks/3-fabulous-growth-stocks-to-buy-and-hold-forever-1033590657,neutral,0.9336369037628174
7/24/2024 7:39:19 PM,Strong Earnings Suggest the Tech Stock Selloff Is Overdone,InvestorPlace,/news/stocks/strong-earnings-suggest-the-tech-stock-selloff-is-overdone-1033590658,negative,0.5214805603027344
7/24/2024 6:47:03 PM,"Nvidia, Qualcomm lead chips lower amid broader tech sell off (update)",Seeking Alpha,https://seekingalpha.com/news/4127578-nvidia-qualcomm-lead-chips-lower-amid-broader-tech-sell-off?utm_source=businessinsider&utm_medium=referral&feed_item_type=news,negative,0.9135656356811523
7/24/2024 6:35:25 PM,Broadcom Stock Alert: Is Now the Best Time to Buy AVGO Shares?,InvestorPlace,/news/stocks/broadcom-stock-alert-is-now-the-best-time-to-buy-avgo-shares-1033590571,neutral,0.9189872145652771
7/24/2024 4:55:47 PM,"US Services Activity Hits 28-Month Peak, Price Pressures Continue To Ease: Economist Calls It 'A Goldilocks Scenario'",Benzinga,/news/etf/us-services-activity-hits-28-month-peak-price-pressures-continue-to-ease-economist-calls-it-a-goldilocks-scenario-1033589798,positive,0.7906313538551331
7/24/2024 3:25:12 PM,Why Are Stocks Down Today?,InvestorPlace,/news/stocks/why-are-stocks-down-today-69-1033589871,negative,0.9098418354988098
